{
  "streets": [
    {
      "b": 50.835014620673, 
      "l": 5.333751684869, 
      "name": "Drienootstraat", 
      "numOfAddr": 1, 
      "otherPCs": [
        "3830"
      ], 
      "r": 5.333751684869, 
      "sanName": "drienootstraat", 
      "t": 50.835014620673
    }, 
    {
      "b": 50.829185800644, 
      "l": 5.33075871181, 
      "name": "Hertenstraat", 
      "numOfAddr": 31, 
      "otherPCs": [
        "3830"
      ], 
      "r": 5.336780544011, 
      "sanName": "hertenstraat", 
      "t": 50.83457697986
    }, 
    {
      "b": 50.822945016279, 
      "l": 5.339127112247, 
      "name": "Steenweg Borgloon", 
      "numOfAddr": 7, 
      "otherPCs": [
        "3830"
      ], 
      "r": 5.339444202618, 
      "sanName": "steenwegborgloon", 
      "t": 50.824289232654
    }
  ]
}