{
  "streets": [
    {
      "b": 50.835007115692825, 
      "l": 5.333745993893378, 
      "name": "Drienootstraat", 
      "numOfAddr": 1, 
      "otherPCs": [
        "3830"
      ], 
      "r": 5.333745993893378, 
      "sanName": "drienootstraat", 
      "t": 50.835007115692825
    }, 
    {
      "b": 50.82919203322139, 
      "l": 5.328364008198349, 
      "name": "Hertenstraat", 
      "numOfAddr": 33, 
      "otherPCs": [
        "3830"
      ], 
      "r": 5.336777100300011, 
      "sanName": "hertenstraat", 
      "t": 50.83457521025165
    }, 
    {
      "b": 50.83071644761244, 
      "l": 5.326454837308396, 
      "name": "Smissebroek", 
      "numOfAddr": 1, 
      "otherPCs": [
        "3830"
      ], 
      "r": 5.326454837308396, 
      "sanName": "smissebroek", 
      "t": 50.83071644761244
    }, 
    {
      "b": 50.82294501627922, 
      "l": 5.338270763965094, 
      "name": "Steenweg Borgloon", 
      "numOfAddr": 8, 
      "otherPCs": [
        "3830"
      ], 
      "r": 5.339444202618473, 
      "sanName": "steenwegborgloon", 
      "t": 50.8242892326543
    }
  ]
}