{
  "streets": [
    {
      "b": 50.835007115693, 
      "l": 5.333745993893, 
      "name": "Drienootstraat", 
      "numOfAddr": 1, 
      "otherPCs": [
        "3830"
      ], 
      "r": 5.333745993893, 
      "sanName": "drienootstraat", 
      "t": 50.835007115693
    }, 
    {
      "b": 50.829192033221, 
      "l": 5.33075871181, 
      "name": "Hertenstraat", 
      "numOfAddr": 31, 
      "otherPCs": [
        "3830"
      ], 
      "r": 5.3367771003, 
      "sanName": "hertenstraat", 
      "t": 50.834575210252
    }, 
    {
      "b": 50.822945016279, 
      "l": 5.339127112247, 
      "name": "Steenweg Borgloon", 
      "numOfAddr": 7, 
      "otherPCs": [
        "3830"
      ], 
      "r": 5.339444202618, 
      "sanName": "steenwegborgloon", 
      "t": 50.824289232654
    }
  ]
}