{
  "streets": [
    {
      "b": 50.835007115692804, 
      "l": 5.333745993893378, 
      "name": "Drienootstraat", 
      "numOfAddr": 2, 
      "r": 5.333745993893378, 
      "sanName": "drienootstraat", 
      "t": 50.835007115692804
    }, 
    {
      "b": 50.82919203322138, 
      "l": 5.328364008198349, 
      "name": "Hertenstraat", 
      "numOfAddr": 36, 
      "r": 5.336777100300009, 
      "sanName": "hertenstraat", 
      "t": 50.83457521025164
    }, 
    {
      "b": 50.83071770256383, 
      "l": 5.326455288757325, 
      "name": "Smissebroek", 
      "numOfAddr": 1, 
      "r": 5.326455288757325, 
      "sanName": "smissebroek", 
      "t": 50.83071770256383
    }, 
    {
      "b": 50.82294501627919, 
      "l": 5.3382707639650935, 
      "name": "Steenweg Borgloon", 
      "numOfAddr": 8, 
      "r": 5.339444202618473, 
      "sanName": "steenwegborgloon", 
      "t": 50.824289232654294
    }
  ]
}